{"count": 4, "mean": 0.6009620130062103, "stddev": 0.7777462581273477, "min": -0.56559956, "max": 0.9990623, "q1": -0.5655995607376099, "median": 0.9801129102706909, "q3": 0.9902724027633667, "IQR": 1.5558719635009766, "positiveCount": 3, "negativeCount": 1}